
-- INSERT INTO logo (image_tag) VALUES ('http://g.espncdn.com/lm-static/logo-packs/ffl/CrazyHelmets-ToddDetwiler/Helmets_01.svg');
-- INSERT INTO logo (image_tag) VALUES ('http://g.espncdn.com/lm-static/logo-packs/ffl/CrazyHelmets-ToddDetwiler/Helmets_02.svg');
-- INSERT INTO logo (image_tag) VALUES ('http://g.espncdn.com/lm-static/logo-packs/ffl/CrazyHelmets-ToddDetwiler/Helmets_03.svg');
-- INSERT INTO logo (image_tag) VALUES ('http://g.espncdn.com/lm-static/logo-packs/ffl/CrazyHelmets-ToddDetwiler/Helmets_04.svg');
-- INSERT INTO logo (image_tag) VALUES ('http://g.espncdn.com/lm-static/logo-packs/ffl/CrazyHelmets-ToddDetwiler/Helmets_05.svg');
-- INSERT INTO logo (image_tag) VALUES ('http://g.espncdn.com/lm-static/logo-packs/ffl/CrazyHelmets-ToddDetwiler/Helmets_06.svg');
-- INSERT INTO logo (image_tag) VALUES ('http://g.espncdn.com/lm-static/logo-packs/ffl/CrazyHelmets-ToddDetwiler/Helmets_07.svg');
-- INSERT INTO logo (image_tag) VALUES ('http://g.espncdn.com/lm-static/logo-packs/ffl/CrazyHelmets-ToddDetwiler/Helmets_08.svg');
-- INSERT INTO logo (image_tag) VALUES ('http://g.espncdn.com/lm-static/logo-packs/ffl/CrazyHelmets-ToddDetwiler/Helmets_09.svg');
-- INSERT INTO logo (image_tag) VALUES ('http://g.espncdn.com/lm-static/logo-packs/ffl/CrazyHelmets-ToddDetwiler/Helmets_10.svg');

INSERT INTO users (name, password) VALUES ('tom brady ', 'GOAT');

INSERT INTO player (name, position_id, team_id, stats_page) VALUES ('Tom Brady', 'QB', 'Patriots', 'http://www.nfl.com/player/tombrady/2504211/profile');
INSERT INTO player (name, position_id, team_id, stats_page) VALUES ('Aaron Rodgers', 'QB', 'Packers', 'http://www.nfl.com/player/aaronrodgers/2506363/profile');
INSERT INTO player (name, position_id, team_id, stats_page) VALUES ('Drew Brees', 'QB', 'Saints', 'http://www.nfl.com/player/drewbrees/2504775/profile');
INSERT INTO player (name, position_id, team_id, stats_page) VALUES ('Carson Wentz', 'QB', 'Eagles', 'http://www.nfl.com/player/carsonwentz/2555259/profile');
INSERT INTO player (name, position_id, team_id, stats_page) VALUES ('Jared Goff', 'QB', 'Rams', 'http://www.nfl.com/player/jaredgoff/2555334/profile');
INSERT INTO player (name, position_id, team_id, stats_page) VALUES ('Kirk Cousins', 'QB', 'Vikings', 'http://www.nfl.com/player/kirkcousins/2532820/profile');
INSERT INTO player (name, position_id, team_id, stats_page) VALUES ('Cam Newton', 'QB', 'Panthers', 'http://www.nfl.com/player/camnewton/2495455/profile');
INSERT INTO player (name, position_id, team_id, stats_page) VALUES ('Baker Mayfield', 'QB', 'Browns', 'http://www.nfl.com/player/bakermayfield/2560800/profile');
INSERT INTO player (name, position_id, team_id, stats_page) VALUES ('Matt Ryan', 'QB','Falcons', 'http://www.nfl.com/player/mattryan/310/profile');
INSERT INTO player (name, position_id, team_id, stats_page) VALUES ('Patrick Mahomes', 'QB', 'Chiefs', 'http://www.nfl.com/player/patrickmahomes/2558125/profile');

INSERT INTO player (name, position_id, team_id, stats_page) VALUES ('Todd Gurley','RB', 'Rams', 'http://www.nfl.com/player/toddgurley/2552475/profile');
INSERT INTO player (name, position_id, team_id, stats_page) VALUES ('Ezekiel Elliott','RB', 'Cowboys', 'http://www.nfl.com/player/ezekielelliott/2555224/profile');
INSERT INTO player (name, position_id, team_id, stats_page) VALUES ('Saquon Barkley','RB', 'Giants', 'http://www.nfl.com/player/saquonbarkley/2560968/profile');
INSERT INTO player (name, position_id, team_id, stats_page) VALUES ('Adrian Peterson','RB', 'Redskins', 'http://www.nfl.com/player/adrianpeterson/2507164/profile');
INSERT INTO player (name, position_id, team_id, stats_page) VALUES ('David Johnson','RB', 'Cardinals', 'http://www.nfl.com/player/davidjohnson/2553435/profile');
INSERT INTO player (name, position_id, team_id, stats_page) VALUES ('Christian McCaffrey','RB', 'Panthers', 'http://www.nfl.com/player/christianmccaffrey/2557997/profile');
INSERT INTO player (name, position_id, team_id, stats_page) VALUES ('Kareem Hunt','RB', 'Chiefs', 'http://www.nfl.com/player/kareemhunt/2557917/profile');
INSERT INTO player (name, position_id, team_id, stats_page) VALUES ('Melvin Gordon','RB', 'Chargers', 'http://www.nfl.com/player/melvingordon/2552469/profile');
INSERT INTO player (name, position_id, team_id, stats_page) VALUES ('Marshawn Lynch','RB','Raiders', 'http://www.nfl.com/player/marshawnlynch/2495663/profile');
INSERT INTO player (name, position_id, team_id, stats_page) VALUES ('Sony Michel','RB', 'Patriots', 'http://www.nfl.com/player/sonymichel/2560809/profile');

INSERT INTO player (name, position_id, team_id, stats_page) VALUES ('Julio Jones','WR', 'Falcons', 'http://www.nfl.com/player/juliojones/2495454/profile');
INSERT INTO player (name, position_id, team_id, stats_page) VALUES ('Odell Beckham','WR', 'Giants', 'http://www.nfl.com/player/odellbeckham/2543496/profile');
INSERT INTO player (name, position_id, team_id, stats_page) VALUES ('Antonio Brown','WR', 'Steelers', 'http://www.nfl.com/player/antoniobrown/2508061/profile');
INSERT INTO player (name, position_id, team_id, stats_page) VALUES ('Michael Thomas','WR', 'Saints', 'http://www.nfl.com/player/michaelthomas/2556370/profile');
INSERT INTO player (name, position_id, team_id, stats_page) VALUES ('DeAndre Hopkins','WR', 'Texans', 'http://www.nfl.com/player/deandrehopkins/2540165/profile');
INSERT INTO player (name, position_id, team_id, stats_page) VALUES ('Adam Thielen','WR', 'Vikings', 'http://www.nfl.com/player/adamthielen/2541785/profile');
INSERT INTO player (name, position_id, team_id, stats_page) VALUES ('A.J. Green','WR', 'Bengals', 'http://www.nfl.com/player/a.j.green/2495450/profile');
INSERT INTO player (name, position_id, team_id, stats_page) VALUES ('T.Y. Hilton','WR', 'Colts', 'http://www.nfl.com/player/t.y.hilton/2532865/profile');
INSERT INTO player (name, position_id, team_id, stats_page) VALUES ('Jordy Nelson','WR','Raiders', 'http://www.nfl.com/player/jordynelson/1032/profile');
INSERT INTO player (name, position_id, team_id, stats_page) VALUES ('Keenan Allen','WR', 'Chargers', 'http://www.nfl.com/player/keenanallen/2540154/profile');

INSERT INTO player (name, position_id, team_id, stats_page) VALUES ('Rob Gronkowski','TE', 'Patriots', 'http://www.nfl.com/player/robgronkowski/497240/profile');
INSERT INTO player (name, position_id, team_id, stats_page) VALUES ('Travis Kelece','TE', 'Chiefs', 'http://www.nfl.com/player/traviskelce/2540258/profile');
INSERT INTO player (name, position_id, team_id, stats_page) VALUES ('Zach Ertz','TE', 'Eagles', 'http://www.nfl.com/player/zachertz/2540158/profile');
INSERT INTO player (name, position_id, team_id, stats_page) VALUES ('Jared Cook','TE', 'Rams', 'http://www.nfl.com/player/jaredcook/71265/profile');
INSERT INTO player (name, position_id, team_id, stats_page) VALUES ('Eric Ebron','TE', 'Lions', 'http://www.nfl.com/player/ericebron/2543466/profile');
INSERT INTO player (name, position_id, team_id, stats_page) VALUES ('Jimmny Graham','TE', 'Packers', 'http://www.nfl.com/player/jimmygraham/497236/profile');
INSERT INTO player (name, position_id, team_id, stats_page) VALUES ('Jesse James','TE', 'Steelers', 'http://www.nfl.com/player/jessejames/2552633/profile');
INSERT INTO player (name, position_id, team_id, stats_page) VALUES ('Kyle Rudolph','TE', 'Vikings', 'http://www.nfl.com/player/kylerudolph/2495438/profile');
INSERT INTO player (name, position_id, team_id, stats_page) VALUES ('Trey Burton','TE', 'Bears', 'http://www.nfl.com/player/treyburton/2550284/profile');
INSERT INTO player (name, position_id, team_id, stats_page) VALUES ('David Njoku','TE', 'Browns', 'http://www.nfl.com/player/davidnjoku/2557986/profile');

INSERT INTO player (name, position_id, team_id, stats_page) VALUES ('Redskins', 'D/ST', 'Redskins', 'http://www.nfl.com/teams/washingtonredskins/profile?team=WAS');
INSERT INTO player (name, position_id, team_id, stats_page) VALUES ('Jaguars', 'D/ST', 'Jaguars', 'http://www.nfl.com/teams/jacksonvillejaguars/profile?team=JAX');
INSERT INTO player (name, position_id, team_id, stats_page) VALUES ('Bears','D/ST', 'Bears', 'http://www.nfl.com/teams/chicagobears/profile?team=CHI');
INSERT INTO player (name, position_id, team_id, stats_page) VALUES ('Ravens','D/ST', 'Ravens', 'http://www.nfl.com/teams/baltimoreravens/profile?team=BAL');
INSERT INTO player (name, position_id, team_id, stats_page) VALUES ('Seahwaks','D/ST', 'Seahwaks', 'http://www.nfl.com/teams/seattleseahawks/profile?team=SEA');
INSERT INTO player (name, position_id, team_id, stats_page) VALUES ('Packers','D/ST', 'Packers', 'http://www.nfl.com/teams/greenbaypackers/profile?team=GB');
INSERT INTO player (name, position_id, team_id, stats_page) VALUES ('Rams','D/ST', 'Rams', 'http://www.nfl.com/teams/losangelesrams/profile?team=LA');
INSERT INTO player (name, position_id, team_id, stats_page) VALUES ('Eagles','D/ST', 'Eagles', 'http://www.nfl.com/teams/philadelphiaeagles/profile?team=PHI');
INSERT INTO player (name, position_id, team_id, stats_page) VALUES ('Texans','D/ST', 'Texans', 'http://www.nfl.com/teams/houstontexans/profile?team=HOU');
INSERT INTO player (name, position_id, team_id, stats_page) VALUES ('Vikings','D/ST', 'Vikings', 'http://www.nfl.com/teams/minnesotavikings/profile?team=MIN');

INSERT INTO player (name, position_id, team_id, stats_page) VALUES ('Justin Tucker', 'K', 'Ravens', 'http://www.nfl.com/player/justintucker/2536340/profile');
INSERT INTO player (name, position_id, team_id, stats_page) VALUES ('Mason Crosby', 'K', 'Packers', 'http://www.nfl.com/player/masoncrosby/2507232/profile');
INSERT INTO player (name, position_id, team_id, stats_page) VALUES ('Adam Vinatieri','K', 'Colts', 'http://www.nfl.com/player/adamvinatieri/2503471/profile');
INSERT INTO player (name, position_id, team_id, stats_page) VALUES ('Stephen Gostkowski','K', 'Patriots', 'http://www.nfl.com/player/stephengostkowski/2506922/profile');
INSERT INTO player (name, position_id, team_id, stats_page) VALUES ('Will Lutz', 'K','Saints', 'http://www.nfl.com/player/willutz/2556601/profile');
INSERT INTO player (name, position_id, team_id, stats_page) VALUES ('Aldrick Rosas','K', 'Giants', 'http://www.nfl.com/player/aldrickrosas/2556771/profile');
INSERT INTO player (name, position_id, team_id, stats_page) VALUES ('Dan Bailey','K', 'Vikings', 'http://www.nfl.com/player/danbailey/2495259/profile');
INSERT INTO player (name, position_id, team_id, stats_page) VALUES ('Sebastian Janikowski','K', 'Seahawks', 'http://www.nfl.com/player/sebastianjanikowski/2504257/profile');
INSERT INTO player (name, position_id, team_id, stats_page) VALUES ('Matt Bryant','K', 'Falcons', 'http://www.nfl.com/player/mattbryant/2504797/profile');
INSERT INTO player (name, position_id, team_id, stats_page) VALUES ('Graham Gano','K', 'Panthers', 'http://www.nfl.com/player/grahamgano/71309/profile');

INSERT INTO position (name) VALUES ('QB');
INSERT INTO position (name) VALUES ('RB');
INSERT INTO position (name) VALUES ('WR');
INSERT INTO position (name) VALUES ('TE');
INSERT INTO position (name) VALUES ('D/ST');
INSERT INTO position (name) VALUES ('K');

INSERT INTO team (name) VALUES ('Ravens');
INSERT INTO team (name) VALUES ('Packers');
INSERT INTO team (name) VALUES ('Colts');
INSERT INTO team (name) VALUES ('Patriots');
INSERT INTO team (name) VALUES ('Saints');
INSERT INTO team (name) VALUES ('Giants');
INSERT INTO team (name) VALUES ('Vikings');
INSERT INTO team (name) VALUES ('Seahawks');
INSERT INTO team (name) VALUES ('Falcons');
INSERT INTO team (name) VALUES ('Panthers');
INSERT INTO team (name) VALUES ('Texans');
INSERT INTO team (name) VALUES ('Rams');
INSERT INTO team (name) VALUES ('Bears');
INSERT INTO team (name) VALUES ('Jaguars');
INSERT INTO team (name) VALUES ('Redskins');
INSERT INTO team (name) VALUES ('Steelers');
INSERT INTO team (name) VALUES ('Browns');
INSERT INTO team (name) VALUES ('Lions');
INSERT INTO team (name) VALUES ('Eagles');
INSERT INTO team (name) VALUES ('Chiefs');
INSERT INTO team (name) VALUES ('Chargers');
INSERT INTO team (name) VALUES ('Bengals');
INSERT INTO team (name) VALUES ('Raiders');
INSERT INTO team (name) VALUES ('Cardinals');
INSERT INTO team (name) VALUES ('Cowboys');



